Title,Link
"Seoul's 5 Delicious Vegan Spots! | Korean Fried Chicken, Gimbap and more!",https://www.youtube.com/watch?v=75jv2gcrd_0&pp=ygUQa29yZWEgdmVnYW4gZm9vZA%3D%3D
"샘 라이더 눈도 번쩍 뜨이게 만든👀✨ 환상의 맛 K-비건 음식 모음집 l #어서와ZIP l #어서와한국은처음이지 l #MBCevery1 l EP.58~61, 234, 330",https://www.youtube.com/watch?v=30PN1OFIfNk&pp=ygUQa29yZWEgdmVnYW4gZm9vZA%3D%3D
ULTIMATE VEGAN STREET FOOD TOUR of Seoul | VEGAN IN KOREA 🌱🇰🇷,https://www.youtube.com/watch?v=8bAs5zcKS7I&pp=ygUQa29yZWEgdmVnYW4gZm9vZA%3D%3D
MUST TRY FOOD IN KOREA *vegan version*,https://www.youtube.com/watch?v=Lz_-4WPDp0M&pp=ygUQa29yZWEgdmVnYW4gZm9vZA%3D%3D
"what i eat in a week as a vegan in Seoul 🥟 Korean university food, fine dining, vegan cafes!",https://www.youtube.com/watch?v=Yzhqbj0gPcQ&pp=ygUQa29yZWEgdmVnYW4gZm9vZA%3D%3D
Korean’s One of the Most Delicious Noodles Vegetarian Japchae,https://www.youtube.com/watch?v=X69EX9_UTsg&pp=ygUQa29yZWEgdmVnYW4gZm9vZA%3D%3D
"🇰🇷 12 Best Vegan Cafes + Restaurants to Visit in Seoul, South Korea in 2024 🌱 + Prices",https://www.youtube.com/watch?v=MW_Q2snT89I&pp=ygUQa29yZWEgdmVnYW4gZm9vZA%3D%3D
ASIANA BUSINESS CLASS | KOREAN OR WESTERN MEAL??🤔 | TOKYO - SEOUL | A330-300,https://www.youtube.com/watch?v=sf7_6d_Wcps&t=600s&pp=ygUQa29yZWEgdmVnYW4gZm9vZA%3D%3D
Top 7 best vegetarian restaurant in Seoul Korea - vegan food & vegetarian meals & halal food,https://www.youtube.com/watch?v=XFmTIFWVsWs&pp=ygUQa29yZWEgdmVnYW4gZm9vZA%3D%3D
Eating ONLY Korean Convenience Store Food for 24 Hours!! *vegan edition*,https://www.youtube.com/watch?v=1jpvQyb1pWI&pp=ygUQa29yZWEgdmVnYW4gZm9vZA%3D%3D
BEST and EASY Vegan Kimchi Recipe.,https://www.youtube.com/watch?v=OWonr264qLg&pp=ygUQa29yZWEgdmVnYW4gZm9vZA%3D%3D
The BEST Vegan Fried Chicken (Korean Style) #recipe #vegan #friedchicken,https://www.youtube.com/watch?v=u9HjK4cbUec&pp=ygUQa29yZWEgdmVnYW4gZm9vZA%3D%3D
4 Longevity Recipes--Foods That Help You Live Longer.,https://www.youtube.com/watch?v=-AG3ch4QN7Y&pp=ygUQa29yZWEgdmVnYW4gZm9vZA%3D%3D
"DELICIOUS Korean Vegan Food in Busan, South Korea",https://www.youtube.com/watch?v=wIrjlmXO6qU&pp=ygUQa29yZWEgdmVnYW4gZm9vZA%3D%3D
Korean Vegan Street Food in Myeong-dong - EATING VEGAN IN KOREA 🇰🇷 비건 먹거리 찾기 도전: 명동편,https://www.youtube.com/watch?v=8JBh7LpObq4&pp=ygUQa29yZWEgdmVnYW4gZm9vZA%3D%3D
Find VEGAN food in Korean Supermarket 🌱  #bwam,https://www.youtube.com/watch?v=oAuOFGK26Es&pp=ygUQa29yZWEgdmVnYW4gZm9vZA%3D%3D
VEGAN MEAL PREP FOR $30 (KOREAN FOOD EDITION!!!) // meal prep for the week,https://www.youtube.com/watch?v=HLWG8FRZzEA&pp=ygUQa29yZWEgdmVnYW4gZm9vZA%3D%3D
Seoul Vegan Festival | Delicious Korean Vegan Food,https://www.youtube.com/watch?v=BJdFzPuFD0A&pp=ygUQa29yZWEgdmVnYW4gZm9vZA%3D%3D
SEOUL VEGAN FOOD GUIDE | all vegan Restaurants,https://www.youtube.com/watch?v=t7eNMZFuMtc&pp=ygUQa29yZWEgdmVnYW4gZm9vZA%3D%3D
