nouns,link
부담 수업 참여 전문가 실력 추천 대한민국 역사 미래 만족도 국제 디자인 학원,https://blog.naver.com/kja00121/223438826060
공방 학원 홈패션 자격 취득 왕초 기초 과정 등록,https://blog.naver.com/watergilr/223379974727
취향 무지 이유 티셔츠 맨투맨 니트 코디 예시 이유 대상,https://blog.naver.com/sonic0313/222982126620
스타일 방법 체형 방법 스타일,https://blog.naver.com/linayoo-/223406720002
기본 지식 이해 기본 지식 개인 스타일 취향,https://blog.naver.com/steadiness_/223140186466
레시피 유튜브 올드 참고 추천 해나 감사 정돈지 박력분 쑥가 중력분,https://blog.naver.com/leesangmii/222976462671
마무리 작업 홈패션 도전 홈패션 북부여 가족원 재봉틀,https://blog.naver.com/ccss526/223209634208
전문 솔루션 서비스 만족 조사 셀러 동대문 제품 고려 텐데요 오늘 동대문,https://blog.naver.com/onesell_official/223386883038
미싱 미자 에코 홈패션 프로그램 동네 마트 문화 센터 관심 엄마 경험 추천,https://blog.naver.com/dadam1559/223455427909
안녕 블로그 디어리 아기 아이템 요소 관심 미스티코 티타 벨벳 코바늘 가방 패키지 키트 구성 주문,https://blog.naver.com/eternal2001/223309555021
사진 도용 금지 금지 출처 필수 표기 가공 금지 고수 생각 인생 본인 최고 생각 기본 대명사 반스 추천,https://blog.naver.com/oneulharudo/223095370902
앞뒤 구분 방법 그거 별거 누가 그걸 앞뒤,https://blog.naver.com/monaco35/223441810399
내용 디자인 패턴 메이 기초 내용 아래 링크 확인 도움 디자인,https://blog.naver.com/ss7pr01p/223258358685
사업 판매 사업자 참여 가능 선발 예정 참여 희망자 교원 스타트 창업 공간 홈페이지 지원서 접수 최종 참가자,https://blog.naver.com/aphrodite987/222977510823
남자 남자 문자 자분 문제 문제,https://blog.naver.com/sonic0313/222981842619
블로그 준코 아범 양말 관련 코디 관련 소개 양말 코디 중요 양말 중요도 생각 중요도,https://blog.naver.com/junko_papa/223498062881
재봉틀 홈패션 인형 부천 미싱 공방 저번 수업 재봉틀 미싱 구닥다리,https://blog.naver.com/feelingdori/223156847208
오늘 디자인 패턴 메이 기초 소개 디자인 시작 패턴 메이 기초 이해 디자인 필요 패턴,https://blog.naver.com/3anftrbm/223285218435
악세사리 선택 이미지 의상 가지 고려 가지 고려 스타일리시 연출,https://blog.naver.com/dan9420/223246360194
오늘 아이템 관련 포스팅 작성 테니스 아이템 테니스 입문 실내 테니스장 레슨 용품 다양,https://blog.naver.com/berronica1000/223180113190
유머 조합,https://blog.naver.com/gnsl1565/223511578227
링크 디자인 패턴 메이 기초 디자인 발전 분야 열정 노력 트렌드 디자인 세계,https://blog.naver.com/v0l573v3/223337494616
블로그 장중 블로그 블린 대학교 블로그 마케팅 수업 블로그 작년 블로그,https://blog.naver.com/sunhee941220/223047926376
남자 스트릿 가이드 남자 스트릿 가이드 남자 스트릿 캐주얼 스타일 의류 액세서리 특징 스트릿 힙합 문화 스케이트 보딩 문화 영감,https://blog.naver.com/rkwmn67022/223309727509
슬리브 프릴 원피스 슬리브 프릴 원피스 사랑 배려 배려,https://blog.naver.com/may5rose/222877109640
한국 평생 직업 학원 한국 문화 센터 대구 중앙 지부 구독 홈패션 애견 다양 섬유 공예 작품 기초 영상,https://blog.naver.com/kybdaegu/223198439876
초심자 입문 효과 방법 온라인 대상 대상,https://blog.naver.com/sonic0313/222983635726
박스 디자이너 디자인 학과 졸업 디자이너 활동 생각 호기 회사 취업 개월 군데,https://blog.naver.com/jackinthebox_/223343161407
남성복 사랑 가을 시즌 겨울 가을 겨울 데일리 남자 입문 인기 코디,https://blog.naver.com/hihi4003/223260285027
홈패션 미싱 주머니 방법 오늘 일자 박기 사용 작품 미싱 기초 기초 방법 주머니 방법 안내,https://blog.naver.com/qodbsfl/20181847205
베개 쿠션 홈패션 과정 홈패션 도움 비베 시침 고정 지퍼 고리,https://blog.naver.com/bldsn103502/100095243291
홈패션 아가타 쿠션 홈패션 아가타 쿠션 인형 안녕 홈패션 라온 실력 아가타,https://blog.naver.com/milano48/80201235049
홈패션 입문 제품 제품 구성 본체 페달 추가 가정 애완 동물 다양 소품 홈패션,https://blog.naver.com/dogslife78/220777622602
자유 감정 복고 컬러 패턴 볼드 레트 컬러 패턴 아이템 자체 포인트 복고 본인 베이직,https://blog.naver.com/swingfish/110107281800
방석 프릴 베란다 방석 사진,https://blog.naver.com/sungcho65123/50056020122
홈패션 단계 재단 단계 재단 결과물 신경 부분 쿠션 사이즈 시접 정도 사방,https://blog.naver.com/ivoryegg/220909538056
상거래 사업자 등록증 통신 판매 신고 증이 필요 부분 신청 쇼핑몰 창업 사업자 등록 셀러 쇼핑몰 창업,https://blog.naver.com/gogobuying/223505473014
초심자 수년 수십 사둔 코트 겨울 패딩 구매 기준,https://blog.naver.com/sonic0313/222957457872
손수건 스타일 엄마 원단 구입 재봉틀 미싱 마켓 라이온 미싱 홈패션 스카프 미싱 시작 도안,https://blog.naver.com/jinknara/220259795368
빌리 버스 관련 정보 오랜만 인사 오늘 남자 여름 반팔 포스팅 건데요 코디 기본 티셔츠 아이템 소개 시작,https://blog.naver.com/tibero/221317039596
테러 남자 요즘 인기 코디 추천 안녕 남성복 사랑 남성 문자 인기 코디 테러,https://blog.naver.com/hihi4003/223257060206
지퍼 파우 과정 홈패션 과정 계절 여왕 기대감 여름 아줌마 바느질 오랫만 과정,https://blog.naver.com/sewing100/220359608619
홈패션 파우 카메라 파우 기사 각파 우치 오랜만 미싱 포스팅 방법 연습,https://blog.naver.com/qodbsfl/220331675399
홈패션 작품 나름 노하우 편리 방법 활용 블루미 홈패션 작품 과정 감사,https://blog.naver.com/bldsn103502/100111032957
홈패션 매트 안녕 홈패션 기초 매트 오늘 홈패션 하루 매트 작품 관심,https://blog.naver.com/milano48/80202902329
개인 승마 처음 동물,https://blog.naver.com/gmltjs233/10170193636
멋쟁이 바스크 셔츠 안녕 남자 에스프레소 바나나 운영 멋쟁이 신사 쇼핑몰 디자인 리뉴 정신,https://blog.naver.com/iloveksc/150146227252
성인 취미 추천 자수 아워홈 후레쉬 리뷰 에코 리뷰 바늘 방법 설명 십자수 취미,https://blog.naver.com/jy062680/221359825122
문자 내공 관심 사야,https://blog.naver.com/sonic0313/222980057876
지난주 진행 마지막 작품 티슈 커버 지난번 재단 티슈 커버 수업 수업 미싱,https://blog.naver.com/nonocandle/220261115949
재봉틀 파티 초대 무료 재봉틀 홈패션 강좌 홈패션 미싱 미싱 재봉틀 공방 면목 동공,https://blog.naver.com/sewing9233/220476444988
홈패션 재봉틀 미싱 미싱 봉천동 미싱 신림동 문화 센터 봉천동 문화 센터 평생 교육 바우처 평생 교육 한국 문화 센터 한국 문화 센타 한국 문화 센터 서울대 서울대 문화 센터,https://blog.naver.com/kimkr3/222685847461
홈패션 미싱 사각 파우 풀잎 문화 센터 용산 회사 야근 회사 야근 나란 뭔가 필요 홈패션 오전 마침,https://blog.naver.com/zmfnwm333/221363267841
컬러 링북 탄생 색연필 큐브 시티 교보문고 핫트랙스 컬러 링북 유행 시작 큐브 시티 교보문고 핫트랙스 출발 출발 귀욤 귀욤,https://blog.naver.com/sikhye0701/220474497803
기린 자켓 반바지 코디 초급 친구 코스트코 세일 자켓 코디 안감 여름 자켓 코스트코 원대,https://blog.naver.com/yhmsboss/220403890945
미싱 시작 마음 작품 일자 박기 미싱,https://blog.naver.com/qodbsfl/20180692686
블루미 가죽 티슈 커버 과정 정리 가죽 홈패션 도움 마음 과정,https://blog.naver.com/bldsn103502/100092801490
홈패션 앞치마 냄비 날씨 홈패션 재미 라온 과정 수업 열중 그것,https://blog.naver.com/milano48/80201746936
마지막 사진 합성 콜라주 기법 일러스트 동작 일러스트 모습 컬러 기법 재미,https://blog.naver.com/nc_changa/220232696858
남자 시리즈 시리즈 이제 디테일 입문 자분 이야기 고민,https://blog.naver.com/sonic0313/222985327844
양말 코디 피플 양말 코디 단계 양말 그날,https://blog.naver.com/sonic0313/222983150360
홈패션 소품 다양 활용 가능 사용법 공구 홈패션 노루발 사용법 도움 재봉틀 원단,https://blog.naver.com/bldsn103502/100116916803
홈패션 파이 파이 쿠션 과정 커버 사이즈 기준 파이 모서리 부분 그림 모서리 부분,https://blog.naver.com/bldsn103502/100096165870
침대 커버 베드 스커트 과정 오늘 홈패션 작품 베드 스커트 침대 커버 날씨 사진 홈패션 중급반 도움,https://blog.naver.com/bldsn103502/100102308483
홈패션 티슈 커버 과정 홈패션 과정 유행 레이어드 원피스 나시 과정 홈패션 과정,https://blog.naver.com/bldsn103502/100142360360
홈패션 바란스 과정 바란스 종류 바란스 오늘 사용 프릴 바란스 바란스 커튼 과정,https://blog.naver.com/bldsn103502/100094359438
홈패션 입문 원통 휴지 케이스 활용 원통 휴지 케이스 과정 나중 홈패션 과정,https://blog.naver.com/qodbsfl/20197425271
미싱 시작 사이즈 이불 커버 재단 바느질 무튼 완성 이불,https://blog.naver.com/nonocandle/220246298524
홈패션 슬리퍼 주방 장갑 소품 양면 패드 자투리 블루미 무료 드림,https://blog.naver.com/bldsn103502/100114598807
일반 커버 과정 과정 아사 원단 베개 커버 과정 아사 지퍼 지로 보호 사용 과정,https://blog.naver.com/bldsn103502/100053515044
스냅 스트릿 완성 뉴스 일자 저널 경옥 기자 등산 캠핑 아웃도어 열풍 이제 힐링 문화 생활 트렌드,https://blog.naver.com/fashionok/100192032202
튜버 부분 처음 피팅 스타일링 잇세 유니클로,https://blog.naver.com/happening101/221479141185
분석 연습용 중수 스킵 페북 코웰 인상 사장 회사,https://blog.naver.com/pdongsoo/221357336616
아기 모자 둥이 패션쇼 엄마 육아 일기 둥이 선물 신생아 아기 모자 패션쇼 진행 선물 인증 패션쇼 선물 둥이,https://blog.naver.com/nanatlem/220112659705
오늘 한국 배송 해외 직구 매치 소개 건데요 매치 직구 구찌 벨트 지갑 길이,https://blog.naver.com/eduline2002/221066698971
먼지 보관 가능 도움 공감 댓글 테팔 토스터 테팔 토스 트기 토스터 커버 토스트 기추 홈패션 홈패션,https://blog.naver.com/tjddl1977/222030632875
초급 수업 정도 주일 수업 센터 도착 이날,https://blog.naver.com/nonocandle/220254870910
단계 방법 단계 단계 케이스 바이 케이스 대부분 느낌 실루엣 신발 매치,https://blog.naver.com/skaudrb1/222084952055
광화문 한국 문화 센터 홈패션 자격증 미싱 미싱 반신 아반 커튼 가방 침구 반소 품반 미싱 왕초 보반 전문 심화 운영 미싱 처음,https://blog.naver.com/gluck317/221211598640
남자 기초 심화 정보 기초 가지 과정 필요 평소 상황 생각,https://blog.naver.com/spaostory/220323760470
열정 노력 패션쇼 모델 실전 수업 필요 모델 한국 패션쇼 모델 오디션,https://blog.naver.com/enajazz2/221608598667
성현 다현 미싱 전기 홈패션 작품 반달 파우 미싱 시작 작품 작품 완성 스스로,https://blog.naver.com/eunrang76/150180674405
육아 일상 아기 굴국 강청 진심 요즘 육아 일기 아침 댓바람 분노 칼질 강청 겨울 생강 강청 여자,https://blog.naver.com/jensksj/220856440720
에코 안감 홈패션 가능 홈패션 입문 개월 실력 싱거 재봉틀 구입 재미 시작 재봉틀,https://blog.naver.com/sunhwapc927/221220393924
대학원 여름 졸업 대학생 생각 정장 기성복 사이즈,https://blog.naver.com/istorming/220467471526
수건 안녕 일반 수건 천과 레이스 수건 수건 변신 사용 수건 수건 원단 레이스,https://blog.naver.com/kjo3132/220711432057
컨템포러리 가이드 레이블 그것 지갑 영향 용어 세상 주변,https://blog.naver.com/rosakuh/220536326694
홈패션 소연 홈패션 재봉틀 이용 홈패션 기초 다양 인테리어 소품 강좌 재봉틀 활용 초급 강사,https://blog.naver.com/ncgangseo/150159451013
남자 지수 업그레이드 남자 필수 아이템 자리 슬랙스 스타일 고민 완성 남자,https://blog.naver.com/qlrtkdlwm77/120212950069
컨템포러리 가이드 레이블 그것 지갑 영향 위치 파리 설립,https://blog.naver.com/rosakuh/220585091700
코어 연출 올가을 코어 스트릿 주도 자연 코어 기본 아이템 연출,https://blog.naver.com/citrain64/220158847108
홈패션 초급 미싱 미싱 홈패션 앞치마 앞치마 미싱 일자 박기 일자 박음질 미싱 앞치마 홈패션 문화 센터 초급반 마지막 작품 앞치마,https://blog.naver.com/hani6608/220250445132
자투리 곱창 머리 홈패션 바느질 곱창 머리 고무줄 끼우개 미싱 시침 이용,https://blog.naver.com/cji1217/220988584369
원피스 야외 개월 여유 미싱 나시 원피스 가요 정도,https://blog.naver.com/willcom2/220156030964
입체 수납 만족감 표현 정도 홈패션 한국 문화 센터 용인 처인 미싱 핸드 메이드 위집 둔전 공방,https://blog.naver.com/adnaak/221794374142
홈패션 수강 회원 에코 홈패션 목적,https://blog.naver.com/gmhapulip0301/222112093157
이마트 홈패션 강좌 수강 파우 단계 작업 원단 박음질 원단 박음질,https://blog.naver.com/shimsulsook/220533510823
미싱 홈패션 티슈 커버 시작 티슈 커버 재료 원단 윗면 원단 리본 바이어스 미싱 필요 티슈,https://blog.naver.com/eunrang76/150179655207
홈패션 강좌 시작 직선 박기 매듭 반복 탄생 작품 선택,https://blog.naver.com/rossa20/10073314251
다림질 필립스 다리미 다림질 솜씨 다림질 다리미 중요 필립스 다리미,https://blog.naver.com/rjf3639/87607596
오늘 디자인 패턴 메이 기초 소개 세계 여정 시작 패턴 메이 기초 디자인,https://blog.naver.com/5kctl055/223308908589
안녕 정성 뜨개 뜨개 조아 취미 뜨개 이름 동기,https://blog.naver.com/pinkboo0114/223282189946
아래 영상 확인 파이 부담 시즌 시작 제곱 디자이너 김예진 남예 디자이너 말씀 디자인 감각 열정 예진,https://blog.naver.com/faaisupporters/221978076879
혼잣말 앵초 나름 초심 공개 최신 영상 소개 협찬 선물,https://blog.naver.com/ssamtha/221753582193
오늘 매치 직구 요즘 모바일 버전 바지 개별 매치 직구 댓글,https://blog.naver.com/jungji20/221094119530
하객 오늘 결혼 신발 구두 조언 환영,https://blog.naver.com/ckdrhs01/220591943497
대바늘 뜨개 털실 아란 조립식 바늘 취미 취미 생활 라운드 가디건 게이지 바늘 영상 요크 여성 추천 차이,https://blog.naver.com/once92upon/222185584361
마음 실천 버킷 리스트 미싱 작품 기초 작업 창원 마산 홈패션 수업 공방,https://blog.naver.com/susanghan_bbb/223163488511
창업 안녕 그릿 팩토리 쇼핑몰 창업자 원단 봉제 공장 선택 원단 디자인 구현,https://blog.naver.com/codij-/222205193253
북부여 가족원 진행 도전 홈패션 수강 재봉틀 시작 실습 홈패션 재봉틀 가정 공업,https://blog.naver.com/ccss526/223205248297
정보 초로 남자 센스 요즘 트렌드 브랜드,https://blog.naver.com/iamcrc/221673060716
트렌드 여름 아이템 추천 기간 스타일 착용 의상 소품 트렌디 스타일 분석 추천 추천 스타일 의류 티셔츠 티셔츠 여름,https://blog.naver.com/adtlihogj12/223067416901
홈패션 안경 케이스 포기 와이프 마누라 홈패션,https://eyewear.tistory.com/1793
오늘 사각 티슈 커버 개인 작품 생각 생각 매력,https://blog.naver.com/inocent1979/10171695275
센스 코트 걸로 시작 티비 연예인 코발트블루 그린 독특 색깔 지양,https://lifemedicine.tistory.com/550
오늘 주일 주일 오늘 작품 주방 장갑 생각 이건 원형 바이어스,https://blog.naver.com/inocent1979/10171695500
블로그 블로그 운영 이웃 추가 이추 애드 포스트 승인 블로그 고객 센터 네이버 검색 노출 공감 댓글 검색 누락 반영 요청 블로그 운영 고찰 이웃 추가 메세지 평균 이용 블로거,https://blog.naver.com/jhcjjang1696/222920343447
달리기 여름 러너 필요 러너 가영 반바지 반팔 반바지 반팔 소재 폴리,https://blog.naver.com/rungayoung/221613919808
블로거 들꽃 허브 블로그 성장기 안녕 블로거 들꽃 허브 기분 부스트 구매 저기압 아디 다스 농락,https://blog.naver.com/foreversor/220628850456
대바늘 아란 라운드 가디건 뜨개 레시피 참고 고무단 소매 소매 마무리 고무단 소매 케이블 시작,https://blog.naver.com/once92upon/222196763323
창업 창업 컨설팅 창업 방법 창업 방정식 창업 프로모션 동대문 업체 근무 경험 창업 시작 창업 교육,https://blog.naver.com/tesgo/223083920641
시작 삽질 여기저기 정리함 플레이 요소 글씨 적용 월드 등급,https://blog.naver.com/csu04067/223263519615
데일리 아웃도어 캠핑 여행 아웃도어 리얼 아웃도어 가지 코디 기능 요즘 아웃도어 민희 언니 포티 캐주얼,https://blog.naver.com/zrymiso/120200123885
농부 주말 텃밭 출근 오늘 모자 모자 개방 재배 가지 가시 수확 텃밭 농부 농부 일기,https://blog.naver.com/hussey89/223422541602
정리 코디 가디건 치마 통일 꽃무늬 분홍색 분홍색 팬츠 코디 감각 규칙,https://blog.naver.com/mimirbaby/110176742110
도전 부천 역곡 한국 문화 센터 홈패션 수업 미싱 처음 사용 미싱 사용법 박음질 기법 재단 기초,https://blog.naver.com/nadiayun/221480336300
데일리 감각 스푼 운동 추천 아디 다스 슈퍼스타 아식스 나이키 도움 취향 구매 추천,https://blog.naver.com/cofls000428/223513391458
질문 올해 대학 신입 청바지 워싱 단색 청바지 청바지 슬림,https://blog.naver.com/envy1320/220539906671
안녕 이웃 오늘 해외 명품 직구 사이트 직구 포스팅 해외 명품 온라인 직구 유명 편집 매치,https://blog.naver.com/1transnet/222324014125
홈패션 수강 신청 송도 도시 풀잎 문화 센터 위치 시티 연회비 내면 가족 사용 가능 홈패션 수강 과목 재봉틀,https://blog.naver.com/levibest82/220670005406
개그맨 배정근 스타일 리쉬 변신 확인 필수,https://blog.naver.com/dyangela/221848219154
가을 반팔 긴팔 완벽 스트릿 완성 스트릿 구글링,https://blog.naver.com/sulmeokja/221102645202
망고 후르츠 소르 마트 바게트 식감 운전 자석 스티커,https://blog.naver.com/milkbbang_studio/222902458136
대대 코디 중년 남자 코디 아이템 색감 조화 중요 요소 옷장 신발장,https://blog.naver.com/tokioalphaplus/222310465377
홈패션 오늘 수업 주방 장갑 오늘 함정 모양 타원 모양 반달 모양 레이스 박음질,https://blog.naver.com/bsy615/220021681810
콩밭 취미 홈패션 미싱 재봉틀 완성 통장 지갑 완성 재봉틀 수업 주차 아마존 포터 오레 싱거 미싱,https://blog.naver.com/mindbean/220318786308
연일 보도 코로나 관련 뉴스 마음 해외 튜버 로바 다예 소녀 애칭 나이라 유튜브 시작 닉네임 튜버,https://blog.naver.com/lovada_sea/221841237214
도전 홈패션 자격증 일화 대전 평생 교육 흥원 본관 조현주 강사 도전 자격증 대비 과정 수업 참관 재봉틀 자격증 대비,https://blog.naver.com/diledile/222680804332
홈패션 에코 정도 원단 주문 쿠션 홈패션 지퍼 장식 지퍼 머리 일반 지퍼 머리,https://blog.naver.com/imp1123/220751996561
가을 소품 스카프 싱거 미싱 미싱 소품 소품 미싱 찬바람 요즘 목도리 스카프 스타일,https://blog.naver.com/singerkorea/222559224068
인테리어 패브릭 관심 재봉틀 홈패션 독학 홈패션 문화 센터,https://blog.naver.com/bldsn103502/100087369539
홈패션 홈패션 취미 취미 가방 가방 아코디언 아코디언 바구니 아코디언 바구니 오늘 아코디언 바구니 방법,https://blog.naver.com/lhj2360/222507694397
매장 싱거 미싱 쇼핑 구입 싱거 미싱 고장 방문 계기 사연 사장 친절 홈패션,https://blog.naver.com/yklove0423/130152820447
선생 바이어스 색깔 빨간색 고고 투리,https://blog.naver.com/mepower4862/120210195732
스타일 고민 코디 연출 기본 노하우 별거,https://blog.naver.com/whdbswl0/10082908584
완성 작품 만족 작품 탄생 홈패션,https://blog.naver.com/bldsn103502/100101516965
한국 문화 센터 신촌 지부 홈패션 상담 카카오 상담 홈패션 강좌 한국 문화 센터 신촌 지부 상담 카카오 상담,https://blog.naver.com/hsycyn/221998599175
블로거 워킹 언니 근래 가족 등산 시작 등산 등산복 겨울 버전 산복 초겨울 버전,https://blog.naver.com/eve3453/222675297066
홈패션 과정 작품 모음 파우 티슈 커버 쿠션 티슈 커버 앞치마 주방 장갑,https://blog.naver.com/gazo177/20177079618
실력 열정 후배 일러스트 주만 년차 디자이너 수준 작업 가능 액티브 실무 정규 모집 일정 안내,https://blog.naver.com/lucy9421/223501490185
디자인 패턴 메이 기초 안내 시작 출처 디자인 창의력,https://blog.naver.com/69e0motv/223258877093
안쪽 일직선 박음질 박음질 바이어스 처리 단순 작업 홈패션 리즈 홈패션,https://blog.naver.com/yasee21/150043577126
공예 실용 으뜸 홈패션 미싱 보통 홈패션 수업 대부분 센터 자수 미싱 텐데 생각,https://blog.naver.com/ddomi89/222869458540
홈패션 미싱 봉제 수업 하트 바이트 아이템 가지 최근 교육 교육 패턴 디자인 제작 아이디어 전공 자나 관련,https://blog.naver.com/jordykwon/220999006871
오늘 단계 취업,https://blog.naver.com/yahb123/222726504199
홈패션 클래스 미싱 수강생 작품 수업 래스 수업 여요 오늘 지퍼 직선 곡선 박음질,https://blog.naver.com/britney0924/222748896638
엄마 육아 일기 둥이 센스 둥이 수면 조끼 모자,https://blog.naver.com/nanatlem/220453965333
엄마 육아 일기 엄마 페인 패션쇼 스타트 할머니 땡땡이 잠바 촉감,https://blog.naver.com/nanatlem/220287784739
홈패션 수강 바이어스 지퍼 달기 수업 퀼팅 기법 다용도 완성 홈패션 수업 화요일,https://blog.naver.com/rlagusal22/221161535505
블로거 워킹 언니 개인 평지 모락산 정상,https://blog.naver.com/eve3453/222641188198
강의 홈패션 선생 가방 디자인 가방 방법 포스팅 홈패션 포스팅 이걸로 수업,https://blog.naver.com/ccss526/223217922741
대바늘 대바늘 아란 바늘 이야기 유튜브 뜨개 라운드 가디건 레시피 대바늘 실수 대바늘 수습 요크 대바늘 라운드 가디건 사이즈 조절 참고 영상 사건,https://blog.naver.com/once92upon/222186721160
대화 호흡 민투 임신 청청 어딘가 여자 아기 실성 웃음,https://blog.naver.com/jensksj/220349385143
직구 매치 직구 방법 매치 직구 방법 포스팅 오랜만 직구 처음 상품 직구 방법,https://blog.naver.com/avec_franc/221424606736
활용 능력 프렌즈 니삭스 레그 워머 그날 착장 레그 워머 색상 맞춤,https://blog.naver.com/skoolooks3/222957254474
만큼 올드 비스코 발렌타인 짝꿍 스코티 올드 레시피 비스코,https://blog.naver.com/cezzie1712/222655763322
가을 겨울 넥타이 코디 여자 핸드백 남자 넥타이 오늘 소개 가을 겨울 넥타이 코디 스타일 무채색 그레이,https://blog.naver.com/luomoclub/220549910034
홈패션 작품 파우 강사 미싱 파우 과정 제단,https://blog.naver.com/king200711/220959915092
단계 막바지 작품 딱지 전야제 쿠션 커버 재단 선생 패턴,https://blog.naver.com/dmsdntjr84/20193367310
재료 당일 수강 예약 문의 카카오톡 아이디 부산 미싱 재봉 홈패션 기초 파우 수업 바느질 고양이 공방,https://blog.naver.com/erinshop/220802657204
대바늘 아란 털실 라운드 가디건 뜨개 영상 참고 몸통 고무단 몸통 고무단 고무단 마무리 소매 코줍기 소매 겉뜨기 안뜨기 고무뜨기 메리야스뜨기 가터뜨기,https://blog.naver.com/once92upon/222193775697
포스팅 관심 시작 옷장 밑바닥 시작 전역 새내기 남성,https://blog.naver.com/idkw2w/222228328809
미싱 기초 과정 홈패션 기초 과정 홈패션 자격증 과정 전문 연구 과정 미싱 처음 개인 지도 수업 속도,https://blog.naver.com/gluck317/221229519555
선글라스 젠틀 몬스터 매장 브랜드 대부분 매장 얼굴 거울,https://blog.naver.com/therose422/220661017247
홈패션 바스켓 수업 첫날 재종 이론 천도 박음질 아참 박음질 선생 라벨,https://blog.naver.com/bsy615/220035597186
홈패션 도전 사진 설명 감성 나만 홈패션 파우 제일,https://blog.naver.com/miso9898/220800445191
대구 미싱 교육 재봉틀 미싱 환영 홈패션 양재 퀼트 다양 수업 체계 팩토리 대구 부점 전문지 도사 자격증 시험 수강 님의,https://blog.naver.com/sewingfactory77/223384296369
서울 강남구 청담동 미우미우 청담 미우미우 앰버 장원영 셀렉 이벤트 진행 뉴스,https://blog.naver.com/fashionncom/223446503703
활용 의류 교육 홈패션 강좌 진행 마을 회의 봉사 어머님 단체 수업 사각 파우 와중 마을 어미 봉사 활동,https://blog.naver.com/ahn0238/222328054631
홈패션 강좌 과정 도시락 가방 기초 응용 가능 기초 미싱 천이,https://blog.naver.com/neojinhee/220966761085
홈패션 도움 생각 과정 지퍼 달기 다리미 큰판 정도 다리 신후,https://blog.naver.com/kkkk0710/80163687770
곤지암 리조트 스키장 나들이 스키 장비 의류 렌탈 한반도 최초 고대 스키 곤지암 숙박 당일 스키 연휴 회사 일본,https://blog.naver.com/lovevim33/221210247630
과정 교육 처음 걱정 강의 덕분 중간 낙오 교육 수강,https://blog.naver.com/kkky1015/223445443633
풀잎 문화 센터 과정 선생 중급 기초 선생 얘기 처음 매트,https://blog.naver.com/bsy615/220029264021
부산 디자인 학원 어린이 피겨 스케이팅 따님 피겨 의상 미싱 처음 고급 피겨 완성,https://blog.naver.com/ibbi0509/223229896835
미싱 홈패션 미싱 신생아 용품 커튼 가방 침구 반소 품반 미싱 미싱 시작 방법 작동 노루발 사용법,https://blog.naver.com/gluck317/221104986673
왕초 니키 관심 흥미 슬하 니키 그것 부원,https://blog.naver.com/tpfmxksp/220550245496
안녕 자도 일정 선호 스타일 그것 공감대 형성,https://blog.naver.com/virus0917/220395369423
핑크 공주 핑크 선택 옆면 처리 사용 미싱 수업 홈패션 완성 재미 작품 선물 재봉틀 왕초,https://blog.naver.com/mini990464/221276028976
홈패션 등록 기억 원단 패키지 면목 이사 직장 출근 휘리,https://blog.naver.com/0dltndk0/220280450001
카드 배카 서문 직업 전문학교 홈패션 입문 국비 수강 국비 지원 대구 내일 카드 직장 미싱 미싱 대구 미싱 대구 재봉틀 홈패션 파우 일자 박기 곡선 박기 지퍼 바로크,https://blog.naver.com/jeon_d/223420369705
가격 성능 부담 가심 카메라 유튜브 튜버 튜버 사용 생각 야외 촬영,https://blog.naver.com/happy_hworld/222264203351
홈패션 기초 작품 스트링 파우 센터 처음 방문 경험 예전 공업 미싱 가정 미싱,https://blog.naver.com/ahn0238/222251264639
코로나 바람 수업 완전 수강 지영 휴지 박스 완성 지영 내색 모습 센터,https://blog.naver.com/ahn0238/222689916860
기초 학원 방문 데이 클래스 미싱 영업 미싱 원단 자투리 미싱 연습 계속,https://blog.naver.com/kiku3082/223349758653
오늘 홈패션 학원 필통 필통 경험,https://blog.naver.com/gy613/120172278738
흉내 블랙 코디 난도 유행 차원 블랙 스타일 스타일 능형 계절,https://blog.naver.com/syous0/222471326984
작품 카드 배카 서문 직업 전문학교 홈패션 입문 국비 수강 국비 지원 대구 내일 카드 직장 미싱 미싱 대구 미싱 대구 재봉틀 홈패션 파우 일자 박기 바로크,https://blog.naver.com/jeon_d/223411252619
스타 스타일 피트 기쁨 표현 방법,https://blog.naver.com/dltjsalwhskatn/221417637089
인터뷰 유명 블로거 함박 인터뷰 공지 블로거 키워드 포스팅 상위 노출,https://blog.naver.com/quddlr1104/220276501496
새내기 기본 아이템 색상 편안 스니커즈 활용 코디 일상 활용,https://blog.naver.com/yonseiblog/221509782908
안산 미싱 홈패션 한국 문화 센터 안산 지부 전문 교육 과정 배출 한국 문화 센터 소속 강사 실력 검증,https://blog.naver.com/moon_seo/221138590090
활용 의류 교육 홈패션 강좌 진행 마을 회의 봉사 어머님 단체 수업 미싱 기초 직선 박기 레이스 달기 작품 처음 시작,https://blog.naver.com/ahn0238/222327991062
방법 스타일 컨설팅 장기 연애 이별 극복 재회 현실 방법 안녕 외모 관리 전문 센스 아이템 추천,https://blog.naver.com/joyyel/223475146018
홈패션 수강 작품 마무리 파이 블루미 홈패션 아트 수강,https://blog.naver.com/bldsn103502/100187084328
선물 용인 홈패션 매주 화요일 목요일 미싱 탈출 수업 카톡 네이버,https://blog.naver.com/happyhands_yongin/222024960671
재봉틀 구입 질문 열성파 블루미 시절 오늘 과정 그분 생각,https://blog.naver.com/bldsn103502/100061906306
백향 다양 활용 고민 비교 후르츠 파운드 케이크 쿠키 파운드케이크 카스테라 함정 후르츠 파운드 케이크 레서피,https://blog.naver.com/sung4272/222592074890
커버 원단 원단 쿠션 커버 쿠션 커버 지퍼 지퍼 커버 미싱 미싱 취미 미싱 미싱 홈패션 미싱,https://blog.naver.com/kejnlove/223134947315
오늘 피곤 월요일 아침 한숨 시댁 어른 이사 집들이 하루 종일,https://blog.naver.com/mepower4862/120209614339
봄맞이 슬리퍼 슬리퍼 과정 화이팅 센스,https://blog.naver.com/bldsn103502/100061315784
뭔가 밑실 홈패션 초급 신청 조카 조카 개월 홈패션 과정 세라 미래 기본,https://blog.naver.com/mindbean/220306612022
재봉틀 수업 미싱 홈패션 고수 중수 단계 초조,https://blog.naver.com/mindbean/220306645954
콩밭 취미 홈패션 미싱 재봉틀 앞치마 조각 테이블 매트 미싱 홈패션 오늘,https://blog.naver.com/mindbean/220306626486
바느질 원단 사이즈 가슴 둘레 주름 유분,https://blog.naver.com/bldsn103502/100085600546
디자인 입문 부담 일러스트레이션 디자인 스케치 과정 전공 패션왕 문자 디자인 기초 시작,https://blog.naver.com/seoulsfa/221160340388
브랜드 아이템 청청 활용 소재 염색 디테일 포인트 청청 추천,https://blog.naver.com/rhksgn/221856237934
경력자 품귀 현상 전문 기업 인력난 책임 사무실 구직자 기업 입사 갑과 위치 시장,https://blog.naver.com/hs963135/220107913972
블로거 워킹 언니 건강 등산 시작 포스팅 남편 가족 등산 무리 데스 지난번,https://blog.naver.com/eve3453/222648076133
소개 매치 직구 방법 매치 유럽 직구 사이트 해외 명품 브랜드 쇼핑 해외 편집 가격 판매,https://blog.naver.com/hunyaholic/220920480834
도르 레시피 리첼 레시피 레시피 올드 레시피 레시피 위주 재료 베이커 보장,https://blog.naver.com/isoy/223153743891
지난번 지퍼 파우 안감 방법 파우 준비물 겉감 겉감 겉감 안감 지퍼,https://blog.naver.com/annayoung75/220898912715
카드 지갑 통장 지갑 홈패션 카드 지갑 통장 지갑 안녕 오전 정신 손재수,https://blog.naver.com/kjo3132/220720173479
한국 평생 직업 학원 자분 패턴 제작 재단 봉제 과정 홈패션 애견 반려 견패 의류 제작 수선 훈련 과정 실습 진행,https://blog.naver.com/kybdaegu/223127520280
남자 아이템 재킷 디테일 컬러 트렌드 계절 사랑 아이템 재킷,https://achimjuice.tistory.com/entry/%EB%82%A8%EC%9E%90%EC%B9%9C%EA%B5%AC-%ED%8C%A8%EC%85%98-%ED%8C%A8%EC%85%98%ED%85%8C%EB%9F%AC%EB%A6%AC%EC%8A%A4%ED%8A%B8-%EB%82%A8%EC%9E%90%EC%B9%9C%EA%B5%AC-%EA%B5%AC%EC%A0%9C%ED%95%98%EA%B8%B0
쇼핑몰 셀러 쇼핑몰 오픈 주가 누군가 처음 대박 주문 상품 지속 업로드 중요,https://blog.naver.com/metsajahara/222114293664
미싱 수선 노라노 학원 보정 봉제 생산 관리 공부 필요 마네킹 수선,https://blog.naver.com/wkissmew/223210764194
스케치 패드 안쪽 인체 플릿 스케치 패드 수채 색연필 사용 뒷면 종이 디자인,https://blog.naver.com/hmhm919/221927620939
디자인 기획 디자인 개발 작업 작성 실습 포트폴리오 제작 의류 창작 의상 제작 기본 메뉴 습득 디지털 패션쇼 연출 다양 교과목 편성 훈련생,https://blog.naver.com/kkky1015/223501262237
실물 패턴 종이 인쇄 배송 마마 홈패션 파자마 패턴 설명 미싱 설명 상의,https://blog.naver.com/wkissmew/223121226594
콘솔 지퍼 지퍼 이용 쿠션 완성 재봉틀 미싱 수업 주차 홈패션 수업 번외 수업 작품 쿠션 지퍼,https://blog.naver.com/mindbean/220331222264
홈패션 강의 오늘 작품 사각 쿠션 홈패션 쿠션 지퍼 그거 연습,https://blog.naver.com/inocent1979/10171694739
재료 당일 수강 예약 문의 카카오톡 아이디 부산 바느질 고양이 공방 홈패션 미싱 기초 앞치마 수업,https://blog.naver.com/erinshop/220737472422
활용 유행 골프 바지 배낭 여행 산행 평소 외출 고급 분위기 연출,https://blog.naver.com/ahn0238/222577907659
매치 사이트 한글 번역 직구 직구 관부 가세 지불 원산지 제품 관세 면제 한국 배송,https://blog.naver.com/iamkimjyun/222149124617
오늘 과정 양면 패드 홈패션 중급 양면 매트 커버 과정 초급 완성도 작품 도전 준비물 양면,https://blog.naver.com/bldsn103502/100054066229
쿠션 커버 지퍼 옥스포드 쿠션 출연 쿠션 퀼트 시절 쿠션 커버 포스팅,https://blog.naver.com/0dltndk0/220290525660
입문 골프 열혈 골퍼 필드 여념 북유럽 감성 골프 웨어 와이드 앵글 생애 라운드 골퍼 필드,https://blog.naver.com/w_angle2014/220285370757
콩밭 취미 홈패션 미싱 재봉틀 가방 직진 완성 에코 재봉틀 수업 주차 지난주 미완성 주머니 파우 자리,https://blog.naver.com/mindbean/220309404606
오늘 롯데월드 사랑 가을 어벤져스 인방 소개 가을 피플 변신 트렌치코트 큐브 롯데월드,https://blog.naver.com/lottewmall/220833233675
콩밭 취미 홈패션 미싱 재봉틀 티슈 케이스 티슈 케이스 완성 바이어스 재봉틀 수업 주차 오늘 수업 티슈 케이스 티슈 커버,https://blog.naver.com/mindbean/220323585920
서울 아카데미 가능 취업 과정 개강 최근 유통 시장 세분화 전문 인력 전문 수요 강조 디자인 기획력,https://blog.naver.com/ousa5493/220268768169
지퍼 노루발 요건 후리 봉선 매력 만점 홈패션 초급 수준 필통 완성 레스 파우 미싱 요건,https://blog.naver.com/mindbean/220351442970
활용 의류 교육 홈패션 강좌 진행 마을 회의 봉사 어머님 단체 수업 생활 사용 티슈 박스 걸이 인기 티슈 박스 선물,https://blog.naver.com/ahn0238/222340558286
기념 베이 입문 자분 유튜브 채널 레시피 추천 광고 전문가 레시피 제빵 레시피 기능장 올드 베이 유튜브 채널 추천,https://blog.naver.com/ouo2366/223229074700
신랑 치킨 내일 바이어스 연습 이것저것 재미 지구 미싱 홈패션,https://blog.naver.com/jhygkdud/220199886461
안녕 오키 날씨 오늘 일기 예보 두루마리 휴지 케이스,https://blog.naver.com/mepower4862/120209750192
그동안 홈패션 홈패션 수업 스타트 첫날 재봉틀 기본 사용법 재봉틀 재봉틀,https://blog.naver.com/mikasong1/220718554970
공감 댓글 부탁 동영상 자투리 원단 활용 매트 매트 매트 코스터 코스터 홈패션 미싱 소품 소품 취미 취미 생활,https://blog.naver.com/parkhongmam/223453251866
퓨전 가방 투리 원단 모양 가방 가방 은행 마트 외출,https://blog.naver.com/ahn0238/222577913409
홈패션 기분 사이즈 홈패션 스타일 고정,https://blog.naver.com/bldsn103502/100195839763
시작 미싱 수업 인기 부업 창업 취미 실력 선생 지도 광화문 풀잎 문화 센터 광화문 문화 센터,https://blog.naver.com/shw8482/221426064604
홈패션 초급 단계 작품 단추 활용 덮개 홈패션 수업 기초 문화 센터 과정 기초 자격증 취득 수업,https://blog.naver.com/kybdaegu/223235526069
아란 자투리 무늬 자라목 도리 목도리 대바늘 목도리 대바늘 목도리 스웨터 스와치 아란 털실 생각 슬로우 플로우 유튜브,https://blog.naver.com/once92upon/222179355956
링크 수익 창출 목적 카카오 사이트 배포 허용 뷰티 언서 안나 워렌 증권 에듀  주식 투자 주식 공부 주식 주식 학원 증권 학원,https://blog.naver.com/suyako/223506152778
가을 소품 스카프 싱거 미싱 미싱 소품 소품 미싱 찬바람 요즘 목도리 스카프 스타일,https://blog.naver.com/thehandz/222554953268
피망 포대 자루 활용 소품 마을 회관 회장 활용 교육 결과물 피망 포대 자루 이용 소품 전시 작품 인천 시장 마을,https://blog.naver.com/ahn0238/222599951573
홈패션 제게 일본어 설명 그림 홈패션 실용서 솜씨 리넨 마니아 네스 나무 내신,https://blog.naver.com/gippmy/150034907132
홈패션 재단 질문 주영 작품 관심 오늘 감사,https://blog.naver.com/bldsn103502/100188769704
오늘 지난번 알렉산드라 필드 모습 골프 미녀 알렉산드라 모자 연결 블랙 정석 소화,https://blog.naver.com/tendergame/221318451936
요즘 미싱 요건 지난번 크리스마스 수업 뭔가 귀욤 귀욤 이게 뭘까요 휴대폰 거치대,https://blog.naver.com/nonocandle/220241632737
한국 평생 직업 학원 모집 과정 안내 국민 취업 지원 제도 카드 국비 훈련 정명 훈련 기간 훈련 훈련 자비 부담금 소품 홈패션 실무자 회차 박성아,https://blog.naver.com/kybdaegu/223118399076
모자 소품 디자인 태그 확인 필요 재료 난이도 넘사벽 디자인 고민 스킵,https://blog.naver.com/sesil0720/223516217248
홈패션 용기 시작 미싱 소파 쿠션 작품,https://blog.naver.com/hhkk1121/10092834055
포스팅 직구 사이트 캐치 직구 캐치 구매 이용 요즘 가격 비교 제품 취미 특기,https://blog.naver.com/ra1ning2/222965851868
문화 센터 홈패션 시작 개월 수업 여럿 미싱 선생 치수 방법,https://blog.naver.com/mooltong12/100096797368
홈패션 기초 홈패션 봉제 실무 과정 모집 본원 고용 노동 부승 학원 고용 위기 지역 전액 무료 국민 카드 수업 가능,https://blog.naver.com/tinaart19/223403774925
일본 레옹 남성 트렌드 스타일링 제안 제품 설명 플레이스 다양 상식 남성 특징,https://blog.naver.com/fringej_mag/220474195944
오늘 블로그 체험 단신 사이트 정리 당첨 후기 공유 레뷰 체험 사이트 위인 분야 기회 제공 음식점 미용 숙박 블로거,https://blog.naver.com/kcallda/223493456452
부분 상침질 박음질 모습 크로 마무리 똑딱이 선택 사용 크로,https://blog.naver.com/jinknara/220406550724
앞치마 프릴 앞치마 앞치마 기본 앞치마 핑크 핑크 땡땡이 프릴 앞치마 신혼 분위기 여성 직각 바이어스,https://blog.naver.com/ahn0238/222585185761
시니어 모델 시니어 모델 레드카 소속 패션쇼 모델 중년 소리 주인공 기분,https://blog.naver.com/red_carpet5403/223491447642
미싱 미싱 소품 소품 미싱 연말 여기저기 선물 정성 카드 명함 지갑 선물 카드,https://blog.naver.com/singerkorea/222561753671
대한민국 결혼 정보 포털 대한민국 뷰티 카페 사진 제공 컬러 부담 액세서리 최대한,https://blog.naver.com/580540/70171717636
홈패션 미싱 소질,https://blog.naver.com/jlovep0106/100070604905
패치 작품 요로 탄생 블루미 공방 작품 아기 소품 자리 필통 홈패션,https://blog.naver.com/bldsn103502/100179900495
원단 커튼 의뢰 홈패션 원단 블루미 의뢰 방법 완성 도움,https://blog.naver.com/bldsn103502/100067109029
미싱 홈패션 작품 미싱 홈패션 작품 방법 주정도 베게 시작 목욕 가운 자투리 원단 미니 쿠션 주문 대형 등받이 쿠션,https://blog.naver.com/heh2525/220315970633
호선 중화 출구 베스 빈스 건물 미싱 노원 미싱 클래스 동대문 클래스 홈패션 감성 소품 미싱 미싱 취미 자격증 소규모 클래스 단체 클래스,https://blog.naver.com/britney0924/222762842680
원피스 윤란 훈련생 한국 평생 직업 학원 애견 홈패션 의류 제작 미싱 훈련 원피스 도전,https://blog.naver.com/kybdaegu/223110487243
홈패션 배우 홈패션 재미 패턴,https://blog.naver.com/jinhii88/30188041398
아란 털실 대바늘 자투리 무늬 헤어밴드 취미 취미 생활 마지막 크리스마스 고무단,https://blog.naver.com/once92upon/222185511212
즐거움 핸드 메이드 처음 재봉틀 효은 지음 책자 책자 재봉틀 사용 원단 종류 가지 소품 양재,https://blog.naver.com/willcom2/220152723681
아란 털실 라운드 가디건 코줍기 목선 앞섶 진주알 단추 기둥 단추 단추 달기 목둘레 고무단 목둘레,https://blog.naver.com/once92upon/222202825222
홈패션 수업 이마 필요 자재 가격 공업 미싱 바늘 여유 분원 바늘 북집,https://blog.naver.com/dalallia/223193252101
일부 도움 생각 프로 오프라인,https://blog.naver.com/yuzzan/223247625464
수강 작품 중급반 에코 중학생 여중생 진로 친구,https://blog.naver.com/ahn0238/222539788880
안양 한국 문화 센터 홈패션 수업 작품 파우 티슈 커버 파우 티슈 커버 수업 카톡 상담 홈패션 수선 목요일 강아지 한복,https://blog.naver.com/pmklove79/223421336088
중화역 출구 베스 빈스 건물 미싱 미싱 수업 동대문 클래스 노원 미싱 구소 클래스 취미 자격증 단체 출강 소규모 수업,https://blog.naver.com/britney0924/222837243245
청바지 주머니 가방 안감 원단 청지 유치원 손녀 가방 덧신 실내화 크기,https://blog.naver.com/ahn0238/222697963914
후르츠 삽목 방법 식물 텃밭 추천 식물 여러해살이 열매 나무 만족 식물,https://blog.naver.com/redpig2009/223359713311
브로치,https://blog.naver.com/purme977/80140104090
서울 갤러리 품관 블로거 공부 제품 섭렵 김나영 최수영 포스팅,https://blog.naver.com/qazzing2/223497816005
체크 고급 오늘 수업,https://blog.naver.com/jinhi721/220760202528
문화 센터 홈패션 미싱 사용법 둘째 쿠션 커버 쿠션 호환 생각,https://blog.naver.com/jinsolgi77/220063027043
리얼 의상 디자인 질문 소개,https://blog.naver.com/iwto8161/120025215512
미싱 수업 홈패션 수가 사진 잠실 한국 문화 센터 홈패션 수업 미싱 작품 작품 실력 잠실 한국 문화 센터,https://blog.naver.com/mini990464/221184156196
올드 감사 방구석 베이 케이크 영상 영상 최고 박력분 코코아 파우더 대부분 재료 생크림 크림치즈 추가 구매,https://blog.naver.com/walala1120/223093412559
무드 오버 스타일 컨설팅 스타일 컨설팅 동행 쇼핑 진행 사진 트렌디 아이템 현실 입기 적용,https://blog.naver.com/joyyel/222877285482
작년 여름 홈패션 중급 시작 오늘 여태 홈패션 작품,https://blog.naver.com/jesiez/220318977870
미싱 구입 양재 문화 센타 작품 양재 초급반 원피스 선택 원단 소프트 기모,https://blog.naver.com/willcom2/220145596250
케이스 단어 두루마리 휴지 주머니 주머니 휴지 주머니 부분 오버 처리 안쪽,https://blog.naver.com/0dltndk0/220280477580
사탕 부지런 태은 완성 손끝 성격 완벽 칭찬 오차 재단 바늘땀,https://blog.naver.com/ahn0238/222336059770
미싱 기초 친절 종로 풀잎 문화 센터 홈패션 가방 홈패션 수업 친구 에코 가방 종로 풀잎 문화 센터 수시 개강 수업,https://blog.naver.com/kysun0314/222228773327
재료 당일 수강 예약 문의 카카오톡 아이디 부산 공방 바느질 고양이 미싱 홈패션 재봉 지퍼 파우,https://blog.naver.com/erinshop/220687087550
가방 티셔츠 가죽 그림 강좌 페이 핸드 페인팅 수업 페인팅 수업 수요일 금요일 진행 수업 주전,https://blog.naver.com/pmklove79/223434731476
풀잎 문화 센터 홈패션 방문 연회비 초급 재료비 결재 고민 아네,https://blog.naver.com/bsy615/30188621621
재봉틀 일자 박기 연습 처음 두루마리 휴지 커버 봉질 재봉틀,https://blog.naver.com/philia1045/207277587
샌드 플라이 차단 모양 뉴질랜드 여행자 구분 방법 소개 청바지 청바지,https://jinny1970.tistory.com/3973
슈즈 리본 앞부분 아무것 뭔가 전체 착용,https://blog.naver.com/gy613/120172875595
오늘 학원 주방 장갑 말랑 오랜만 무언가,https://blog.naver.com/gy613/120172427803
스튜디오 의류 사업자 강력 추천 김정환 글로벌 플랫 몬스터 서울시 브이 커머스 스튜디오 예약 강은영 사진 이정우 우승 출처 서울특별시 서울 사랑,https://blog.naver.com/infoswadcom/222307411504
전문가 소리 알짜배기 노하우 목차 스타일 화장법 쇼핑,https://blog.naver.com/sunhee077/220499596731
국민 카드 진행 소품 홈패션 자격증 과정 수료 김경 훈련생 밸런스 커튼 주름 원단 패치 믹스 느낌 조각 원단,https://blog.naver.com/kybdaegu/223134716515
사이즈 코리아 기본 원형 신체 치수 측정 방법 한국인 평균 치수 의류 규격 사이즈 자료 제공,https://blog.naver.com/klozet/70135841889
안녕 네이버 언서 이름 범상 신생 메스 브랜드 체크 셔츠 리뷰 가을 유행 가을 체크 셔츠 브랜드,https://blog.naver.com/bhawnss96/223205445981
노트북 파우 남친 속지 걸로 초이스,https://blog.naver.com/gy613/120172429790
여성 회관 홈패션 수업 가방 건데 모양 사진,https://blog.naver.com/chehrlel/122323038
라코스테 폴로셔츠 카라티 울트라 슬림 청바지 디젤 패스 스니커즈 동생 구매 라코스테,https://blog.naver.com/silverstarkr/220361109267
진주 포인트 주기 블랙 진주 목걸이 패셔 방식 데이트 식이,https://blog.naver.com/grazianam1/222794184846
요즘 여자 연예인 사복 모음 계절 고민 브랜드 아이템 매치 곤란 미우미우 샤넬,https://blog.naver.com/grazianam1/222900559331
굴욕 사진 참고 치마 빈폴 골프 골프 아디 다스 이거 골프 구입 요건 제천 나이스 여자 골프 입문 개월 차이 자세,https://blog.naver.com/21shl/220812871774
미싱 필요 실세 스마일 재봉실 미싱 싱기 이용 커버 행주 일반 재봉사 합사 가격 비교 홈패션 바느질,https://blog.naver.com/iamsom7/223463789068
입문 자이다 생각 발란스 강력 추천 발란스 문자 코디 말씀 화면 빨간색 표시 기존,https://blog.naver.com/tvt84/223286845250
가정 재봉틀 곡선 처리 시절 실력 홈패션 자격증 원형 티슈 커버,https://blog.naver.com/juliebutik/223495190116
장안구 미싱 공방 홈패션 파우 자연 공방 기초 입문 수원시 장안구 위치 미싱 공방 자연 미싱,https://blog.naver.com/flower1100/221427513361
도전 통장 지갑 이거 학원 학원,https://blog.naver.com/gy613/120167073937
필통 필통 남친 필통 소리 충만 가자 도안 무조건,https://blog.naver.com/gy613/120167494229
여권 케이스 수업 작품 직선 박음질 활용 작품 홈패션 초급 가시 도트 이용 마무리 홈패션 수업 월수 목요일 전시 저녁,https://blog.naver.com/nanmijang/221001127332
인형 소개 인형 분간,https://blog.naver.com/gy613/120172750853
요즘 양말 양말 컬러 매칭 추천 이미지 출처 래쉬 스포츠 운동,https://blog.naver.com/leganza07/223511230646
서울 아카데미 교실 오전 타임 등록 주회 오전 수업 애니메이션 이제,https://blog.naver.com/byluluccii_/221225240158
대전 평생 교육 흥원 강좌 홈패션 조현주 강사 섭외 수업 참관 홈패션 커버 마로 여름 카버 당시 애기 침대,https://blog.naver.com/sngmi08/222680960071
디자이너 경험 레벨 디자이너 경험 레벨 조수 디자이너 경험 레벨 악동 디자이너 경험 레벨 패셔 스타 디자이너 경험 레벨,https://blog.naver.com/iamjejeon/110189259418
단계 변화 아이템 변화 시도 오늘 스트릿 스트릿 코디 전체 블랙 느낌,https://blog.naver.com/dlwlqk/222622376593
지속 가능 서밋 서울 지속 가능 플라스틱 프리 리허설 당일 현장 세팅 당황 연사 프롬프터,https://blog.naver.com/openplanstyle/221689150440
양재 수업 초급 단계 기본 스커트 미싱 수강 작품 걱정 완성 작품 완성 취향 원단 제작,https://blog.naver.com/rlagusal22/221415192733
홈패션 초급 과정 두루마리 커버 사각 티슈 커버 홈패션 작품 세트 사랑 언니 인테리어 미싱,https://blog.naver.com/namssu1004/220536776121
오랜만 포스팅 이건 휴지 커버 센터 기초 수업 미싱 등록,https://blog.naver.com/gy613/120171888595
과정 미싱 미싱 활용 과정 홈패션 양재 수선 아동복 애견 미싱 기초 홈패션 초급 과정 신청,https://blog.naver.com/eune27/220069448698
아이템 영향 방향 추구 방향 고민 점심 피크닉,https://blog.naver.com/heri3512/223100577828
쇼핑몰 창업자 서비스 제공 플랫 사진 채널 택트 쇼핑몰 창업 새싹 사장 창업 교육 운영 비즈니스 노하우,https://blog.naver.com/goldentreeconsulting/222635676912
재봉틀 미싱 부산 부산 디자인 학원,https://blog.naver.com/ibbi0509/222975834426
한국 평생 직업 학원 한국 문화 센터 대구 중앙 지부 소품 홈패션 실무자 소품 홈패션 실무자 월금 국비 지원 수업 내일 카드,https://blog.naver.com/kybdaegu/223116302472
주방 장갑 손가락 손바닥 사이 칼집 마무리,https://blog.naver.com/feelnight/80192266738
살림 블로거 구름 라이프 스타일 브랜드 무인 양품 아크릴 케이스 틈새 정리함 리뷰 인사 무인 양품 안경 잡화 케이스 아크릴 투명,https://blog.naver.com/gooroomfa/223449490421
안녕 이웃 블로거 나무 소식 의류 브랜드 재고 상품 남성 반팔 티셔츠 기획 행사 소식,https://blog.naver.com/98dock98/223498960148
귀걸이 데일리 가을 귀걸이 매칭 정보 감사 고수 그날 메리 골드,https://blog.naver.com/waawaa88/223244598183
오늘 미싱 도전 파우 겁니다 도전 젤리 준비물 지퍼 재봉틀,https://blog.naver.com/myeongji0303/220828141992
저번 홈패션 수업 주도 홈패션 수업 오랜만 홈패션,https://blog.naver.com/bsy615/220000680238
홈패션 미싱 별거 미싱 윗실 연습 요즘 미싱 순서 그림 초보자,https://blog.naver.com/king200711/220948522353
라운 골프 머리 포스팅 앞쪽 포스팅 오빠 가족 골프 치신 가족 치심 가족,https://blog.naver.com/chuneunjeong/220890914619
홈패션 초급반 시작 작품 완성 초급반 작품 기대 요즘 홈패션 우진,https://blog.naver.com/hani6608/220198902194
종로 평생 교육 기관 광화문 한국 문화 센터 홈패션 강좌 카카오 상담 홈패션 일상 실용 사용 에코 수강 홈패션,https://blog.naver.com/gluck317/223038626682
컬러 네일스 티커 셀프 손톱 미미 박스 안녕 폐파 민트 미미 박스 여자 박스 구성 컬러 스티커 사용 냄새,https://blog.naver.com/eruda1000/140166181360
블로거 가방 공부 심벌마크 알렉산더 맥퀸 토트백 검색 출처,https://blog.naver.com/qazzing2/223456644044
패션쇼 접수 오디션 인원 여명 현역 시니어 모델 모델 지원 최종 패션쇼 선발 송은지 서울 사이버 모델 연기학 교수 페스티벌,https://blog.naver.com/iscu_univ/223505719625
서핑 강습 비자 바베큐 파티 서핑 성지 양양 예능 프로그램 직원 이것저것 하이볼 후르츠 하이볼,https://blog.naver.com/ni_ca/223515719496
고수 쇼핑 방법 오프라인 확인 거울 모습 분석 단계,https://blog.naver.com/joyyel/223238426071
애견 관심 강아지 과정 시작 이아 훈련생 제작 원단 포인트 컬러 믹스 부분 배합,https://blog.naver.com/kybdaegu/223133696864
패턴 오픈 패턴 정보 포스팅 봉제 이전 제거 사용,https://blog.naver.com/cfpattern/221278935606
아동복 신생아 수원 영통 풀잎 문화 센터 양재 미싱 기초 입문 양장 기능사 패턴 미싱 입문 아동복 유아복 신생아 센터 제일 미싱 정성,https://blog.naver.com/flower1100/221583948684
홈패션 강의 수강 작년 여름 홈패션 강의 문화 센터 등록 바람 재봉틀 직접,https://blog.naver.com/arees083/222168549983
봄비 모델 모델 리스 원형 원형 이탈리아 이탈리아 패턴 디자인 테일러 회수 공부 어필 질문,https://blog.naver.com/rtdn/70161351986
연애 득점 실점 중요 부문 요즘 와이드 유행 이건 감각,https://blog.naver.com/ppoplie/223043861575
미싱 유학 공업 미싱 수업 가지 작품 완성 정현 공방 한국 수업 깨알 대화 수업 마무리,https://blog.naver.com/dreamsewing/220585451942
패션왕 디자인 디자인 전공 기초 선행 실습 오해 희소식 디자인 학원 서울 아카데미,https://blog.naver.com/seoulsfa/221096843766
미싱 소품 제작 과정 수업 주방 장갑 소개 겉감 꽃무늬 원단 안감 체크 누비 주방 장갑 고리 재단,https://blog.naver.com/okju0718/221318293516
수업 앞치마 불량 주부 홈패션 재봉틀 재단 원단 주머니 허리끈 동일 배색 허리끈 사심,https://blog.naver.com/zmfnwm333/221385713201
미싱 러지 유튜브 미싱 가방 가방 고민 소개,https://blog.naver.com/zinhobby/222978945905
안경테 세계 입문 피플 추천 이효리 미인 고객 일상 어코드 자연,https://blog.naver.com/atlas0820/220693084774
미싱 미싱 소품 소품 미싱 연말 여기저기 선물 정성 귀욤 동전 지갑 선물 동전 지갑,https://blog.naver.com/thehandz/222557082884
초급 처음 완전 안정 회원 최근 이사 필요 창고 커튼 필요 나비 공방,https://blog.naver.com/tjdnjsghl/221443313092
미싱 상담 개별 지도 홈패션 수선 목요일 강아지 한복 금요일 수업,https://blog.naver.com/pmklove79/222996878995
미싱 미싱 수업 잠실 한국 문화 센터 홈패션 기초 수강 작품 세요,https://blog.naver.com/mini990464/221194669961
용산구 한강 로동 용산 아이파크몰 영화 유령 감독 해영 제작 보고회 이하늬 박해수 박소담 이하늬 설경구 참석 뉴스,https://blog.naver.com/fashionncom/222959965898
오늘 파로 완성 겨울 등산 등산 등산 문자 접근 등산 제품 레토 미드 코디,https://blog.naver.com/rudelulu/222925864506
디자이너 직구 직구 매치 마음 사이트 주문,https://blog.naver.com/fairyviolet/222595321920
베이커 과정 사이 사진 역부족 중요 머랭 크리스마스 접시 베이커 돌림판,https://blog.naver.com/tlswl5683/223300189672
군포 산본 홈패션 미싱 재봉틀 미싱 재봉틀 산본 문화 센터 홈패션 자격증 홈패션 취미 앞치마 안녕,https://blog.naver.com/miff1027/223521766818
블로거 성장 모습 말씀 대로 관련 브랜드 홈피 링크 참고 엑소 백현 후드 코디,https://blog.naver.com/qazzing2/223465486712
인터넷 최후 테러리스트 최대한 소개 측면,https://blog.naver.com/rubrub82/223515219142
안녕 실무 수업 진행 루시 개강 실무 정규 수업 진행 수강 공통,https://blog.naver.com/lucy9421/223453150745
이정현 오후 서울 중구 동대문 디자인 플라자 컬처 패션쇼 지춘희 디자이너 미스 콜렉션 패션쇼 포토 행사 참석 시선,https://blog.naver.com/fashionncom/222895887957
노원 정부 풀잎 문화 센터 양재 팬츠 치마 바지 스커트 처음 여성 양재 스커트 치마 반바지 노원 정부 풀잎 문화 센터 양재 초급 과정 황종 님의,https://blog.naver.com/pulyb/221535503388
방송 상품 공부 상태 중반 크리에이터 방송 도전,https://blog.naver.com/kingliveking/221615093536
미싱 앞치마 싱기 주방 장갑 앞치마 요건 바이어스,https://blog.naver.com/gjnzz/220740045455
홈패션 클래스 클래스 미싱 입문 주저 센터 친절 중화 풀잎 문화 센터,https://blog.naver.com/britney0924/222807066833
사업 판매 사업자 참여 가능 선발 참여 희망자 교원 스타트 창업 공간 홈페이지 지원서 접수 최종 참가자 발표,https://blog.naver.com/funfunssam/222975445351
푸마 플랫 트레이스 하울 튜버 푸마 플랫 트레이스 하울 튜버 튜버 오랜만,https://blog.naver.com/yynopen/221193455875
스트릿 공부 도전 패딩 항공 점퍼 디테일 포인트 곳곳 독특,https://blog.naver.com/ssol_look/223294024095
오버헤드 스케이트보드 파크 운영 스토어 스케이트보드 관련 소모품 아이템 스케이트보드 제작 가능 전문 친절 상담,https://blog.naver.com/boarder1/223479368559
미싱 재봉 용구 의류 패턴 디과 준비물 미싱 클릭 해결 동대문 필요 미싱 부자재 의류 패턴 재봉틀 공방 디자이너 홈패션 바느질 문자 디자인 준비물 공구 정리,https://blog.naver.com/thehandz/222655671197
예비 안녕 임신 신경 유모차 아가 최소 필수 용품 유모차 고가 지갑 예비,https://blog.naver.com/rlagusal22/220768357379
여름 일러스트 자수 마카로 무늬 대상 특강 패키지 자수 자수 경험,https://blog.naver.com/jsslove82/223435171480
런던 유학 생각 학교 검색 학교 센트럴 세인트마틴 전공 이해 학교 사이 고민,https://blog.naver.com/artandjo/220536161504
컨설팅 신사 냄새 신사 베스트 아이템 남자 이미지 컨설팅 지난해 코리아 오피스 동행 쇼핑 진행 고객 그날 착장 기억,https://blog.naver.com/joyyel/223215040645
한국 디자이너 연봉 시작 경력 능력 패턴 패턴 디자이너 스케치 바탕 패턴,https://blog.naver.com/aeseller/223433659803
라이온 미싱 개미 북유럽 쿠션 안녕 이온 미싱 서포터 개미 며칠 날씨 계속 오늘 햇빛 기분 하루,https://blog.naver.com/jinknara/220304517885
미싱 미싱 소품 소품 미싱 연말 여기저기 선물 정성 귀욤 동전 지갑 선물 동전 지갑,https://blog.naver.com/singerkorea/222558246671
노원 정부 풀잎 문화 센터 홈패션 원단 가방 캔디 주머니 원단 가방 물건 안주머니 홈패션 원단 가방 노원,https://blog.naver.com/pulyb/221329522336
홈패션 재료비 포함 첫날 기본 미싱 사용 방법 직선 박기 사각 달팽이 원형 달팽이 연습 회원 사진,https://blog.naver.com/leeyoumi84/221940415086
스타일 취미 필요 영감 필요 피플 컬러 소개 색깔 런던 스타일,https://blog.naver.com/moonyelim100/220970776995
취미 드로잉 향상 연습 드로잉 얼굴 방문 라사 디자인 학원 과정,https://blog.naver.com/nsck5295/221363455602
구체 브랜드 스토리 브랜드,https://blog.naver.com/sfclong/222667120489
홈패션 미싱 클래스 미싱 사용법 홈패션 소품 수업 미싱 초보자 수업 아래 수강생 작품,https://blog.naver.com/britney0924/222737423321
중간 난이 스킬 필요 밀크 방울 수업 홈패션 커리큘럼,https://blog.naver.com/kyjin1126/40169868237
아가야 외모 신경 엄마 내면 육아 일기 드레스 로즈 스타,https://blog.naver.com/shgj1004/221416886331
페이스북 페이지 오픈 패턴 정보 패턴 패턴 패턴,https://blog.naver.com/cfpattern/221286102465
완성 얼굴 진리 부정 마무리 포인트 양말 양말 색상 선택 패셔 스타 색상 선택,https://blog.naver.com/be_positiv/220830484366
재봉틀 앞치마 재봉틀 홈패션 주부 앞치마 계절 취향 주방 필수 아이템 앞치마 뭔가,https://blog.naver.com/kobikang/60175648213
연습 과정 시행착오 역할 방향 동의 공감 아래 확인 아래 무드 오버,https://blog.naver.com/joyyel/222885722475
완성 양말 생각 양말 전체 영향 고수 차이 피플,https://blog.naver.com/verymucho/222139761481
군포 산본 홈패션 미싱 재봉틀 미싱 재봉틀 산본 문화 센터 홈패션 자격증 홈패션 취미 안녕 재봉틀,https://blog.naver.com/miff1027/223505277879
뷰티 전문 블로거 식사 여행 생활 용품 블로그 체험 진행 블린 이용 체험 사이트 소개 블로그 체험 사이트,https://blog.naver.com/lhy9024/223501104052
패턴 유용 홈패션 홈패션,https://blog.naver.com/38317kara/10104976937
구화 대역 안녕 블로그 일상 그날 블로그 저의 스타,https://blog.naver.com/kimyisino/221481179281
홈패션 양재 자료 과정 스타트 사이즈 세로 센티 직사각 사진 세로 부분,https://blog.naver.com/yunny609/110041007017
텃밭 긴급 정보 긴급 상황 필요 농기구 공용 구비 설비 관리 누가,https://blog.naver.com/orchis0720/223498957108
여자 미연 사복 먼저 뭔지 설명 연도,https://blog.naver.com/cofl2003/223177920147
미싱 미싱 소품 소품 미싱 연말 여기저기 선물 정성 헤어 슈슈 선물,https://blog.naver.com/singerkorea/222562835539
안녕 이온 미싱 서포터 개미 가을 시작 본격 어젯밤 외출 생각 가디건,https://blog.naver.com/jinknara/220832611707
종로 풀잎 문화 센터 홈패션 홈패션 미싱 클래스 심화 커튼 홈패션 미싱 클래스 화요일 오전 오후 개인 진도 수강,https://blog.naver.com/kysun0314/222380734573
자켓 부위 부위 명칭 리고시 라펠 고지선 나나 시다마 마이 테일러 테일러 칼라 테일러 자켓 패턴 기초 기초 공부 우리말 현장 용어 실무 용어,https://blog.naver.com/cfpattern/221596372225
노원 가슴 운동 완전 가슴 운동 루틴 공유 안녕 보통 리뷰 유하 팬클럽 회장 헬스 피티 이야기 저번 하체 운동 오늘 가슴 운동 포스팅,https://blog.naver.com/bongzigul/223393607188
평소 관심 고객 기본 아이템 포인트 아이템 고객 옷장 매치 평소 스타일 전신사진 이해,https://blog.naver.com/joyyel/222613591823
스케이트보드 강습 스케이트보드 파크 가요 스케이트보드 스케이트보드 아이템 스케이트보드 제작 가능 스케이트보드 전문가,https://blog.naver.com/boarder1/223260062662
미국 생활 전문 잡지 레이디스 저널 뷰티 칼럼니스트 올해 멋쟁이 변신 약속 가지 제시 색깔 검정 회색 무채색 계열,https://blog.naver.com/thinkyuji/110108556538
미싱 미싱 소품 소품 미싱 연말 여기저기 선물 정성 헤어 슈슈 선물,https://blog.naver.com/thehandz/222554972296
디자이너 예술 생각 유행 선도 트렌디 잡지 내게 변화,https://blog.naver.com/ps4417/223130258687
키워드 유입 확인 나름 키워드 포스팅 우위 나름 기분 블로거 블로거,https://blog.naver.com/monmonde/20182729124
군포 산본 홈패션 미싱 재봉틀 미싱 재봉틀 산본 문화 센터 홈패션 자격증 홈패션 취미 안녕 고급 단계 취미 가방 소개 가방 사이즈,https://blog.naver.com/miff1027/223496212184
홈패션 신랑 생일 선물 싱거 미싱 사준 성의 뭔가 시작 작품 부담감 시작 아줌마 용기,https://blog.naver.com/kimjja329/30142710875
바느질 쿠션 쿠션 바느질 바느질 쿠션 커버 취미 바느질 솜씨 쿠션 홈패션 새댁 일상 바느질 집구석 놀이 취미 생활 취미,https://blog.naver.com/nari8884/222082820394
스카프 프레젠테이션 보석 트렌디 기저귀 가방 에너지 엄마 조합 도움 편안 기능 우선시 의상 액세서리,https://blog.naver.com/azqct04506/223523096676
튜버 바이 찬스 유튜브 하루 시작 튜버 바이 찬스 초급 과정 신청 유지,https://blog.naver.com/yanadooblog/223464680372
관심 예전 관심 스타일 시청자 제공 가게,https://blog.naver.com/didwl902/222635028348
미싱 미싱 소품 소품 미싱 연말 여기저기 선물 정성 카드 명함 지갑 선물 카드,https://blog.naver.com/thehandz/222554965278
셀러 개월 셀러 로켓 그로스 매출 오늘 잡화 중간 판매량 검색 랭킹,https://blog.naver.com/hdoy11/223508939112
온라인 쇼핑몰 경험 걱정 카테고리 판매 자분 극소수 업체 판매 수수료 책정 자사 셀러 판매 수수료 경제,https://blog.naver.com/beautyim1115/222026242479
슬리브 스타일 완성 아이템 매력 슬리브 구매 추천 순위 할인 가격 정보 슬리브 완벽 안내서 환영 슬리브 환영,https://www.realfolkblues.co.kr/2117
홈패션 수강 가드 쿠션 티슈 커버 쿠션 기본 스타일 자리 부분 수술 모양 활용 포인트 쿠션,https://blog.naver.com/bldsn103502/100192827780
매치 반품 설명 매치 반품 교환 절차 홈페이지 로그인 주문 내역 클릭 반품 신청 접수 반품 번호 메일 체크 반품 물품,https://blog.naver.com/redstar44/222226834862
올드 유튜브 생각 올드 이킹 구입 아이싱 부담,https://blog.naver.com/337ms/223389739914
튜버 인기 시리즈 신서 유기 고정 멤버 송민호 위너 피오 블락비 학창 시절 우정 아이돌 절친 스타 감각 남성 여성 잡지 화보,https://blog.naver.com/jazzkid/221831401270
지도 교육 여아 저고리 완성 저고리 학생 치마 복치마 고려 전문 학원 고려 한복 학원 한복 기능사 한복 디자이너 고려 한복 학원 정규 과정,https://blog.naver.com/gorefashion/223438158801
홈패션 소품 저자 박소영 정호 정지음 출판사 안당 강의 소품 조아,https://blog.naver.com/chaeeun35/50148353269
품질 보증서 홈패션 무료 교육 수강증 필요 수강증 싱기 실감 기본 화이팅,https://blog.naver.com/girls0908/220258482592
내산 후기 마이크 배터리 여분 메모리 포함 유선 미니 그립 구매 기억 하반기 구매 브이 카메라 카메라 구매 고민,https://blog.naver.com/sentir_bon_hj/222565130602
군포 산본 홈패션 미싱 재봉틀 미싱 재봉틀 산본 문화 센터 홈패션 자격증 안녕 진행 홈패션 수강 작품 소개 수강 기초 작품,https://blog.naver.com/miff1027/223494295935
재단 도구 아무거 구매 추천 실력 홈패션 아무 재봉틀 독학 영상 추천 유튜브 검색 코코 지니 티비,https://blog.naver.com/soleil_de_laube/223342178353
취미 시작 관심 미싱 관심 시작 미싱 포스팅 미싱 가지 기능 가정 미싱 마스터,https://blog.naver.com/pastelgroove/223398328325
직구 시작 매치 구매 직구 시절 한국 소개 브랜드 국내 수입 디자인 백화점,https://blog.naver.com/miss_hannah/223398861450
박음질 정신 작품 생각 홈패션,https://blog.naver.com/crystina/220888452972
안정 달리기 러닝 아무거 실력 목적 구분 디자인 디자인,https://blog.naver.com/hongya931/223376480263
활용 아이템 코디 가능 아이템 스타일링 착용 가능 니트 조끼 니트 베스트,https://blog.naver.com/mimijin43/223072498897
고려 전문 학원 종로 가역 출구 유성 약국 건물 고려 한복 학원 한복 학원 봉제 학원 봉제 미싱 미싱 학과 디과 디자인 디자인 디자인,https://blog.naver.com/gorefashion/222618974644
안녕 미싱 마켓 라이온 미싱 서포터 개미 요요 뒤태 막내 여기저기,https://blog.naver.com/jinknara/220405935776
시절 잡지 화보 모습 여인 모습 바지 예전 상학 학생 초급 디자이너 의복 디자인 디자인,https://blog.naver.com/s5we/223461977110
홈패션 홈패션 동영상 강좌 홈패션 온라인 강좌 재봉틀 홈패션 강좌 재봉틀 명칭 기능 교시 재봉틀 명칭 기능 설명 동영상 상태,https://blog.naver.com/kkkk0710/80163861781
디자이너 브랜드 매치 다방면 도움 도움 정보,https://blog.naver.com/rhekrud1111/223336124787
무드 오버 머리 스타일 컨설팅 남자 탈모 두피 문신 자료 주일 데이 동행 쇼핑 내용,https://blog.naver.com/joyyel/223060265096
분도 코드 입력 결제 매치 포장 옵션 영국 한국 무료 총알 배송 자연 생각 친환경 제공 선물,https://blog.naver.com/elizaroom/222311095904
엄마 올가을 완전 대대 개편 콘도 자칭 인테리어 리뉴 유럽 그래픽 무늬 두루마리 휴지,https://blog.naver.com/haggish00/220175792423
안녕 미싱 마켓 라이온 미싱 서포터 개미 처음 아기 인형 원피스 사이즈 확대 공주 원피스,https://blog.naver.com/jinknara/220333532453
안녕 카일리 제주 골프 반복 시절,https://blog.naver.com/kyliebeauty/222410036933
디자인 학원 서울 아카데미 고민 여성 복패 봉제 일러스트 디자인 스케치 연습 도식화 공모전 자격증,https://blog.naver.com/seoulsfa/221227063968
김하늘 프로 패션모델 탈출 프로젝트 하늘 웨이 골프 전문 채널 일목 방송 모델 분야 골프 새싹 아마추어 골퍼 고의,https://blog.naver.com/kimfilm/222864095120
마포 멋쟁이 블랙 디스 블랙 기본 기본 불가리 제로 컬렉션 엣지 얼리 믹스,https://blog.naver.com/lovada_sea/221915931786
안녕 미싱 마켓 라이온 미싱 서포터 개미 곰돌이 쿠션 북유럽 스타일 쿠션 게여 쿠션 남편 와이셔츠 활용,https://blog.naver.com/jinknara/220373867348
봉담 풀잎 문화 센터 홈패션 봉담 풀잎 홈패션 수업 금요일 수강 주문 제작 봉담 풀잎 문화 센터 홈패션 취미 과정 작품,https://blog.naver.com/bdpulip202/222329931123
소화 가능 컬러 매치 여자 스트릿 데님 스타일링 청바지 코디 외국 나라 입음 코디 소화,https://blog.naver.com/luck_un/220549754188
미싱 구입 설연 휴전 배송 착각 설명서 미싱 모임 모임 막내,https://blog.naver.com/su14jin/120182328590
여름 겨울 스타일 계절 생각 코트 완성 만큼 코트,https://blog.naver.com/ddungnami/100177464379
양주시 덕계동 아웃렛 전기 전공 개월 월금 날일 업무 내용 아웃렛 전기 전공 근무 지역 양주 시덕 계동 자격 조건 급여 조건,https://blog.naver.com/aa3580123/172455713
오디션 프로그램 사랑 노래 수이 가수 녹화 방송 출근길 뉴트럴 시선 뉴스,https://blog.naver.com/fashionncom/222412848650
고급 프린팅 스트리트 유행 프린팅 티셔츠 만큼 퀄리티 빈티지 프린팅 전체,https://blog.naver.com/kikeun79/223197230126
스도 너무 악세사리 포인트 고수 귀걸이 도전 귀걸이 착용,https://blog.naver.com/youjeans_199x/223145271605
실용 자수 초크 보이 자수 저자 초크 보이 출판 블라우스 카라 생각 두려움,https://blog.naver.com/saraispuppy/221373616889
홈패션 미싱 클래스 입문 과정 매트 해영 회원 작품 매트 수업 직선 해영 회원 쿠션 커버 원단 선택 안목 여우 원단 교하 운정,https://blog.naver.com/hyp1319/221773710653
홈패션 쇼파 커버 야매 안녕 연휴 월요일 생각 실천 쇼파 커버 도전,https://blog.naver.com/dky0979/220827045601
골프장 실력 실력 라운 골프 라운 마커 레인 메이커 홀더 세트 필요,https://blog.naver.com/yr1109/223322072154
수강 작품 처음 미싱,https://blog.naver.com/ahn0238/222539821893
온라인 쇼핑몰 직무 온라인 쇼핑몰 모델 사진 제품 사진 모델,https://blog.naver.com/pinky900/223382582029
풀잎 문화 센터 진행 홈패션 초급 과정 미싱 미싱 바이어스 연습 사각 티슈 커버 풀잎 문화 센터 지부 작품 제작 순서,https://blog.naver.com/eune27/220082873847
디자인 기초 스커트 패턴 스타일 스커트 패턴 과정 기초 원형 시작 활용 단계,https://blog.naver.com/skillchang/221832512059
블로거 신청 가능 체험 가능 플랫 체험 블로그 체험 사이트 공개 배송 디지털 뷰티 식품 아동 문화 생활 반려 동물 도서 블로그,https://blog.naver.com/dudn1222/223464706317
헤어 안개 헤어 믹스 염색 성형 얼굴 믹스 렌즈 바보 군주 파미 아리아 안개 클루 바보 토끼 콘서트 뮤즈,https://blog.naver.com/ssoy3941/222215633994
종로 풀잎 문화 센터 홈패션 홈패션 미싱 클래스 심화 과정 회원 현관 매트 거실 슬리퍼 화요일 오전 오후 개인 진도 수강,https://blog.naver.com/kysun0314/222308496617
미싱 홈패션 주차 미싱 사실 주차 처음 수강 등록 주일,https://blog.naver.com/girls007/222161404368
대전 홈패션 소모임 전문 취미 라벨 라벨 작품 기대,https://blog.naver.com/theribbon_j/220648856860
,https://blog.naver.com/dlaskdus2012/30152876815
홈패션 용품 용도 가지 구매 일반 이거 쓰임 다양 이걸로 커튼 사용,https://blog.naver.com/gkxmfjq31/222249008760
취미 관련 경험치 현재 목표 느낌표 느낌표 클릭 전구 폭탄 룰렛 타이밍 전구,https://blog.naver.com/jyeja/100174444541
섬유 스트림 컨소시엄 정부 지원 사업 규모 기업 주관 구성 컨소시엄 개사 내외 구성 바우처 형태 수출 유망 성장 기업 대상 한도,https://blog.naver.com/freemoney81/223449974030
미싱 주목 주말 라이프 쇼핑몰 구매 미싱 홈패션 무료 교육 수강증 해당 수강증,https://blog.naver.com/andsew/220720805697
새해 방학 엄마 재봉 송현 홈패션 기초 재봉 과정 파우 어린아이 재봉,https://blog.naver.com/gluck317/221189358750
오늘 일러스트 작가 오현숙 출판 피오르드 발매 평점 리뷰 안녕 오늘 일러스트 소개 미술 완전,https://blog.naver.com/bmhbang/221060701004
명절 가족 모임 아기 안녕 아빠 미래 명절 가족 모임 생각 포스팅 외출 한복 아기 할머니,https://blog.naver.com/arias4214/220930479427
초반 서버 안정 게임 머니 정상 버그 발생 사진 획득 접속 복구 버그,https://blog.naver.com/shrimpchipgold/220905541592
